{
  "biclique_find": {
    "RidgeEstimator": {
      "l080": {
        "RMSE": {
          "mean": 0.056135234762618814,
          "std": 0.0
        },
        "MAE": {
          "mean": 0.016201075888664488,
          "std": 0.0
        },
        "time": {
          "mean": 263.7480900287628,
          "std": 0.0
        }
      },
      "l100": {
        "RMSE": {
          "mean": 0.05742412040228842,
          "std": 0.0
        },
        "MAE": {
          "mean": 0.014753433712313779,
          "std": 0.0
        },
        "time": {
          "mean": 2630.2348506450653,
          "std": 0.0
        }
      },
      "g080": {
        "RMSE": {
          "mean": 0.028301150113233354,
          "std": 0.0
        },
        "MAE": {
          "mean": 0.0063353430518278365,
          "std": 0.0
        },
        "time": {
          "mean": 22.50004816055298,
          "std": 0.0
        }
      },
      "g100": {
        "RMSE": {
          "mean": 0.038220365000874904,
          "std": 0.0
        },
        "MAE": {
          "mean": 0.008949354726394135,
          "std": 0.0
        },
        "time": {
          "mean": 54.13580942153931,
          "std": 0.0
        }
      }
    },
    "SNNEstimator": {
      "l080": {
        "RMSE": {
          "mean": 0.14368653783813853,
          "std": 0.0
        },
        "MAE": {
          "mean": 0.029240004938637848,
          "std": 0.0
        },
        "time": {
          "mean": 207.4430754184723,
          "std": 0.0
        }
      },
      "l100": {
        "RMSE": {
          "mean": 0.11550767822760247,
          "std": 0.0
        },
        "MAE": {
          "mean": 0.020806971669162982,
          "std": 0.0
        },
        "time": {
          "mean": 2621.7400662899017,
          "std": 0.0
        }
      },
      "g080": {
        "RMSE": {
          "mean": 0.05070793582754347,
          "std": 0.0
        },
        "MAE": {
          "mean": 0.00878322254801408,
          "std": 0.0
        },
        "time": {
          "mean": 23.090837001800537,
          "std": 0.0
        }
      },
      "g100": {
        "RMSE": {
          "mean": 0.06386998947497588,
          "std": 0.0
        },
        "MAE": {
          "mean": 0.009028776336729457,
          "std": 0.0
        },
        "time": {
          "mean": 53.85503602027893,
          "std": 0.0
        }
      }
    }
  },
  "biclique_random": {
    "RidgeEstimator": {
      "l080": {
        "RMSE": {
          "mean": 0.1027233139736891,
          "std": 0.0
        },
        "MAE": {
          "mean": 0.04617542560584939,
          "std": 0.0
        },
        "time": {
          "mean": 89.6852080821991,
          "std": 0.0
        }
      },
      "l100": {
        "RMSE": {
          "mean": 0.07027787956772685,
          "std": 0.0
        },
        "MAE": {
          "mean": 0.028862354705634845,
          "std": 0.0
        },
        "time": {
          "mean": 209.47514510154724,
          "std": 0.0
        }
      },
      "l160": {
        "RMSE": {
          "mean": 0.06378129059195234,
          "std": 0.0
        },
        "MAE": {
          "mean": 0.024146172570194354,
          "std": 0.0
        },
        "time": {
          "mean": 1301.4018366336823,
          "std": 0.0
        }
      },
      "g080": {
        "RMSE": {
          "mean": 0.028301150113240418,
          "std": 0.0
        },
        "MAE": {
          "mean": 0.006335343051831644,
          "std": 0.0
        },
        "time": {
          "mean": 111.42062258720398,
          "std": 0.0
        }
      },
      "g100": {
        "RMSE": {
          "mean": 0.03822036500088199,
          "std": 0.0
        },
        "MAE": {
          "mean": 0.008949354726394953,
          "std": 0.0
        },
        "time": {
          "mean": 275.2479271888733,
          "std": 0.0
        }
      },
      "g160": {
        "RMSE": {
          "mean": 0.03220484010353305,
          "std": 0.0
        },
        "MAE": {
          "mean": 0.008103349372839502,
          "std": 0.0
        },
        "time": {
          "mean": 3663.873769044876,
          "std": 0.0
        }
      }
    },
    "SNNEstimator": {
      "l080": {
        "RMSE": {
          "mean": 0.16143598833081468,
          "std": 0.0
        },
        "MAE": {
          "mean": 0.0672946969907279,
          "std": 0.0
        },
        "time": {
          "mean": 82.96364283561707,
          "std": 0.0
        }
      },
      "l100": {
        "RMSE": {
          "mean": 0.11820795431946501,
          "std": 0.0
        },
        "MAE": {
          "mean": 0.04106752607324907,
          "std": 0.0
        },
        "time": {
          "mean": 200.96870183944702,
          "std": 0.0
        }
      },
      "l160": {
        "RMSE": {
          "mean": 0.10868637176025014,
          "std": 0.0
        },
        "MAE": {
          "mean": 0.03680735226994302,
          "std": 0.0
        },
        "time": {
          "mean": 1279.044453382492,
          "std": 0.0
        }
      },
      "g080": {
        "RMSE": {
          "mean": 0.05070793582754523,
          "std": 0.0
        },
        "MAE": {
          "mean": 0.008783222547999021,
          "std": 0.0
        },
        "time": {
          "mean": 108.60045552253723,
          "std": 0.0
        }
      },
      "g100": {
        "RMSE": {
          "mean": 0.06386998947497945,
          "std": 0.0
        },
        "MAE": {
          "mean": 0.009028776336692516,
          "std": 0.0
        },
        "time": {
          "mean": 265.7195727825165,
          "std": 0.0
        }
      },
      "g160": {
        "RMSE": {
          "mean": 0.08259811830747307,
          "std": 0.0
        },
        "MAE": {
          "mean": 0.010460134951535529,
          "std": 0.0
        },
        "time": {
          "mean": 3199.1481075286865,
          "std": 0.0
        }
      }
    }
  },
  "whole_matrix": {
    "RidgeEstimator": {
      "l080": {
        "RMSE": {
          "mean": 0.09561873452705298,
          "std": 0.0
        },
        "MAE": {
          "mean": 0.0396338110963449,
          "std": 0.0
        },
        "time": {
          "mean": 6.485396385192871,
          "std": 0.0
        }
      },
      "l100": {
        "RMSE": {
          "mean": 0.07227476712807115,
          "std": 0.0
        },
        "MAE": {
          "mean": 0.02768334852356612,
          "std": 0.0
        },
        "time": {
          "mean": 7.2654478549957275,
          "std": 0.0
        }
      },
      "l160": {
        "RMSE": {
          "mean": 0.0680692940938606,
          "std": 0.0
        },
        "MAE": {
          "mean": 0.029431422935657477,
          "std": 0.0
        },
        "time": {
          "mean": 50.49454402923584,
          "std": 0.0
        }
      },
      "g080": {
        "RMSE": {
          "mean": 0.12012454464344034,
          "std": 0.0
        },
        "MAE": {
          "mean": 0.07445163270761164,
          "std": 0.0
        },
        "time": {
          "mean": 2.56587553024292,
          "std": 0.0
        }
      },
      "g100": {
        "RMSE": {
          "mean": 0.1235785550831548,
          "std": 0.0
        },
        "MAE": {
          "mean": 0.07578139462361433,
          "std": 0.0
        },
        "time": {
          "mean": 3.917773962020874,
          "std": 0.0
        }
      },
      "g160": {
        "RMSE": {
          "mean": 0.11191832669632264,
          "std": 0.0
        },
        "MAE": {
          "mean": 0.06531956624487491,
          "std": 0.0
        },
        "time": {
          "mean": 45.44067907333374,
          "std": 0.0
        }
      }
    },
    "SNNEstimator": {
      "l080": {
        "RMSE": {
          "mean": 0.15103748499264763,
          "std": 0.0
        },
        "MAE": {
          "mean": 0.054335654499063815,
          "std": 0.0
        },