{
  "1": {
    "l80": {
      "RMSE": {
        "mean": 0.1607043872503958,
        "std": 0.01702645737387127
      },
      "MAE": {
        "mean": 0.05164849953209226,
        "std": 0.008004886758805214
      },
      "time": {
        "mean": 17.576289653778076,
        "std": 0.8346385099281224
      }
    },
    "g80": {
      "RMSE": {
        "mean": 0.030163918008564966,
        "std": 0.002258406020569725
      },
      "MAE": {
        "mean": 0.007768923909137797,
        "std": 0.00119363953476537
      },
      "time": {
        "mean": 22.313345623016357,
        "std": 0.32162688459057187
      }
    }
  },
  "3": {
    "l80": {
      "RMSE": {
        "mean": 0.10268382978049333,
        "std": 0.009082451335537358
      },
      "MAE": {
        "mean": 0.04026564983179594,
        "std": 0.005019484383363165
      },
      "time": {
        "mean": 54.299521350860594,
        "std": 1.6951109962355952
      }
    },
    "g80": {
      "RMSE": {
        "mean": 0.027264185151330188,
        "std": 0.002356610121726048
      },
      "MAE": {
        "mean": 0.006685073517601443,
        "std": 0.0006314719131750012
      },
      "time": {
        "mean": 65.76688904762268,
        "std": 1.8382712740759655
      }
    }
  },
  "5": {
    "l80": {
      "RMSE": {
        "mean": 0.09256484332231517,
        "std": 0.012946281691134254
      },
      "MAE": {
        "mean": 0.040077383658124674,
        "std": 0.007069775291285721
      },
      "time": {
        "mean": 90.1566011428833,
        "std": 1.158551739790234
      }
    },
    "g80": {
      "RMSE": {
        "mean": 0.032477292720532125,
        "std": 0.004834236372646718
      },
      "MAE": {
        "mean": 0.008081577082750544,
        "std": 0.0009418482832432094
      },
      "time": {
        "mean": 111.47609009742737,
        "std": 1.3650514678739412
      }
    }
  },
  "10": {
    "l80": {
      "RMSE": {
        "mean": 0.07762708779826488,
        "std": 0.003767849624893913
      },
      "MAE": {
        "mean": 0.03441037101019541,
        "std": 0.002151872673190282
      },
      "time": {
        "mean": 178.52691688537598,
        "std": 1.4465815407311016
      }
    },
    "g80": {
      "RMSE": {
        "mean": 0.030183689108049007,
        "std": 0.00415086659870553
      },
      "MAE": {
        "mean": 0.007171218816778858,
        "std": 0.0011850628151433833
      },
      "time": {
        "mean": 219.43356490135193,
        "std": 2.8282533145622377
      }
    }
  },
  "20": {
    "l80": {
      "RMSE": {
        "mean": 0.07091422307849908,
        "std": 0.006534814098803101
      },
      "MAE": {
        "mean": 0.0317625052064147,
        "std": 0.0027361489399386728
      },
      "time": {
        "mean": 356.49924569129945,
        "std": 3.009009710479661
      }
    },
    "g80": {
      "RMSE": {
        "mean": 0.02540723461679965,
        "std": 0.004682499884583392
      },
      "MAE": {
        "mean": 0.006342128500904778,
        "std": 0.0009895784218436497
      },
      "time": {
        "mean": 440.6752125740051,
        "std": 13.22434932406164
      }
    }
  }
}