{
  "1": {
    "l80": {
      "RMSE": {
        "mean": 0.22651488465934733,
        "std": 0.021676742834621288
      },
      "MAE": {
        "mean": 0.07293712807797002,
        "std": 0.009153482564385244
      },
      "time": {
        "mean": 35.20174527168274,
        "std": 5.2977958959460505
      }
    },
    "g80": {
      "RMSE": {
        "mean": 0.03635801435799444,
        "std": 0.005172146473811967
      },
      "MAE": {
        "mean": 0.008552957748779878,
        "std": 0.0022225716080131745
      },
      "time": {
        "mean": 61.61734596888224,
        "std": 5.727719334964658
      }
    }
  },
  "3": {
    "l80": {
      "RMSE": {
        "mean": 0.15009092746597166,
        "std": 0.008552706300604113
      },
      "MAE": {
        "mean": 0.05976939747962166,
        "std": 0.004739199501568957
      },
      "time": {
        "mean": 131.28535278638205,
        "std": 4.3486619025750555
      }
    },
    "g80": {
      "RMSE": {
        "mean": 0.02912407635399822,
        "std": 0.0026515028584570307
      },
      "MAE": {
        "mean": 0.005515676528267178,
        "std": 0.00016306119307609032
      },
      "time": {
        "mean": 166.80249547958374,
        "std": 18.598248517675714
      }
    }
  },
  "5": {
    "l80": {
      "RMSE": {
        "mean": 0.15055932417712745,
        "std": 0.008511534463742159
      },
      "MAE": {
        "mean": 0.06199441229782763,
        "std": 0.005648818112327257
      },
      "time": {
        "mean": 359.71357647577923,
        "std": 88.53319720017657
      }
    },
    "g80": {
      "RMSE": {
        "mean": 0.028186859179496218,
        "std": 0.001761605443321819
      },
      "MAE": {
        "mean": 0.005840587798785885,
        "std": 0.0002708682987235822
      },
      "time": {
        "mean": 271.98249928156537,
        "std": 5.147172628150167
      }
    }
  },
  "10": {
    "l80": {
      "RMSE": {
        "mean": 0.1083701096434894,
        "std": 0.013489057163213225
      },
      "MAE": {
        "mean": 0.04501516483605089,
        "std": 0.008935678093118701
      },
      "time": {
        "mean": 433.82167919476825,
        "std": 5.361426121804349
      }
    },
    "g80": {
      "RMSE": {
        "mean": 0.027823298113438064,
        "std": 0.002264856467516844
      },
      "MAE": {
        "mean": 0.006260535040879273,
        "std": 0.0003316433697505477
      },
      "time": {
        "mean": 392.9669546286265,
        "std": 150.6074249666461
      }
    }
  },
  "20": {
    "l80": {
      "RMSE": {
        "mean": 0.12022634681894447,
        "std": 0.04048601808939715
      },
      "MAE": {
        "mean": 0.053606007562966705,
        "std": 0.023397842533762096
      },
      "time": {
        "mean": 366.89768528938293,
        "std": 7.408134000724561
      }
    },
    "g80": {
      "RMSE": {
        "mean": 0.03221054913102767,
        "std": 0.004937525035908249
      },
      "MAE": {
        "mean": 0.007650501268008207,
        "std": 0.0014370866470142924
      },
      "time": {
        "mean": 478.0522423585256,
        "std": 28.551341575923246
      }
    }
  }
}