{
  "RidgeEstimator": {
    "submatrix": {
      "l80": {
        "RMSE": {
          "mean": 0.08192985231066484,
          "std": 0.014459089508729789
        },
        "MAE": {
          "mean": 0.033019131124693825,
          "std": 0.005264093976105249
        },
        "time": {
          "mean": 3.875913063685099,
          "std": 0.13124808155844414
        }
      },
      "l100": {
        "RMSE": {
          "mean": 0.07810468235932341,
          "std": 0.0021459373095569496
        },
        "MAE": {
          "mean": 0.034276726576408734,
          "std": 0.0011656217075933525
        },
        "time": {
          "mean": 7.683831135431926,
          "std": 0.3021142568493967
        }
      },
      "l160": {
        "RMSE": {
          "mean": 0.06709506339013453,
          "std": 0.003780929491012986
        },
        "MAE": {
          "mean": 0.03048415323872028,
          "std": 0.0016836073689638637
        },
        "time": {
          "mean": 47.798803091049194,
          "std": 0.5364772460692974
        }
      },
      "g80": {
        "RMSE": {
          "mean": 0.12089625124406332,
          "std": 0.0017732030621169922
        },
        "MAE": {
          "mean": 0.07307130430291482,
          "std": 0.0016923922143442184
        },
        "time": {
          "mean": 2.2441078821818032,
          "std": 0.031193252312221045
        }
      },
      "g100": {
        "RMSE": {
          "mean": 0.1277771533786245,
          "std": 0.006800324873552126
        },
        "MAE": {
          "mean": 0.07595806697745756,
          "std": 0.0021065134791535293
        },
        "time": {
          "mean": 6.225505034128825,
          "std": 3.4381623603844247
        }
      },
      "g160": {
        "RMSE": {
          "mean": 0.1124025412917836,
          "std": 0.004337023819308808
        },
        "MAE": {
          "mean": 0.06456228187031876,
          "std": 0.0038007217502751545
        },
        "time": {
          "mean": 51.5752481619517,
          "std": 7.30503063244415
        }
      }
    },
    "complete": {
      "l80": {
        "RMSE": {
          "mean": 0.0701586562172219,
          "std": 0.010875039507669262
        },
        "MAE": {
          "mean": 0.028751687724775876,
          "std": 0.0031235672811148847
        },
        "time": {
          "mean": 2.9770474433898926,
          "std": 0.34940574509949124
        }
      },
      "l100": {
        "RMSE": {
          "mean": 0.06810085119872929,
          "std": 0.004211221776632936
        },
        "MAE": {
          "mean": 0.028740140231919575,
          "std": 0.0014156540245062852
        },
        "time": {
          "mean": 4.403991937637329,
          "std": 0.05359039110798324
        }
      },
      "l160": {
        "RMSE": {
          "mean": 0.07245041185099203,
          "std": 0.006069923080601178
        },
        "MAE": {
          "mean": 0.03125123390526167,
          "std": 0.0015326923600389568
        },
        "time": {
          "mean": 27.806729952494305,
          "std": 2.8521119904605485
        }
      },
      "g80": {
        "RMSE": {
          "mean": 0.20438981668758846,
          "std": 0.013392178849095602
        },
        "MAE": {
          "mean": 0.11843683052796894,
          "std": 0.004569784446098658
        },
        "time": {
          "mean": 1.8212682406107585,
          "std": 0.059016399859816826
        }
      },
      "g100": {
        "RMSE": {
          "mean": 0.262566076263177,
          "std": 0.023127294853142223
        },
        "MAE": {
          "mean": 0.14037334169881907,
          "std": 0.004751894861887469
        },
        "time": {
          "mean": 2.8715949853261313,
          "std": 0.08469314662227445
        }
      },
      "g160": {
        "RMSE": {
          "mean": 0.2636877806749994,
          "std": 0.02773750534533355
        },
        "MAE": {
          "mean": 0.12457146150421199,
          "std": 0.008697241674741969
        },
        "time": {
          "mean": 28.485755443572998,
          "std": 3.176944379700305
        }
      }
    }
  },
  "SNNEstimator": {
    "submatrix": {
      "l80": {
        "RMSE": {
          "mean": 0.13021296930160406,
          "std": 0.0059256207144198466
        },
        "MAE": {
          "mean": 0.04348718998811679,
          "std": 0.0007985565683458792
        },
        "time": {
          "mean": 4.580678145090739,
          "std": 0.22594682195595198
        }
      },
      "l100": {
        "RMSE": {
          "mean": 0.12272081800518732,
          "std": 0.011195060152104197
        },
        "MAE": {
          "mean": 0.044550944633353386,
          "std": 0.0033486629205426205
        },
        "time": {
          "mean": 9.313371340433756,
          "std": 0.46188460603714165
        }
      },
      "l160": {
        "RMSE": {
          "mean": 0.1042008333804073,
          "std": 0.006630732333661569
        },
        "MAE": {
          "mean": 0.04096408213043934,
          "std": 0.0023565901597176393
        },
        "time": {
          "mean": 67.3781795501709,
          "std": 23.649918374378984
        }
      },
      "g80": {
        "RMSE": {
          "mean": 0.14234615463799327,
          "std": 0.02938533661944775
        },
        "MAE": {
          "mean": 0.07285315632273298,
          "std": 0.002645204392183478
        },
        "time": {
          "mean": 2.4345593452453613,
          "std": 0.5873711539047876
        }
      },
      "g100": {
        "RMSE": {
          "mean": 0.13813252232349715,
          "std": 0.007477537044738679
        },
        "MAE": {
          "mean": 0.08014561790086573,
          "std": 0.002420841779492436
        },
        "time": {
          "mean": 6.568431695302327,
          "std": 3.385560110460482
        }
      },
      "g160": {
        "RMSE": {
          "mean": 0.13046655096047952,
          "std": 0.015228541641663346
        },
        "MAE": {
          "mean": 0.06613841168366867,
          "std": 0.002239572128411271
        },
        "time": {
          "mean": 69.02721746762593,
          "std": 6.819870535236842
        }
      }
    },
    "complete": {
      "l80": {
        "RMSE": {
          "mean": 0.10527459570053992,
          "std": 0.006588937525522602
        },
        "MAE": {
          "mean": 0.03533916111802269,
          "std": 0.002244851779654338
        },
        "time": {
          "mean": 3.1683222452799478,
          "std": 0.41459303474163345
        }
      },
      "l100": {
        "RMSE": {
          "mean": 0.10887457844392157,
          "std": 0.01638768583267634
        },
        "MAE": {
          "mean": 0.038092840178470706,
          "std": 0.005476398367919638
        },
        "time": {
          "mean": 9.126014153162638,
          "std": 2.1531299416391225
        }
      },
      "l160": {
        "RMSE": {
          "mean": 0.10540223556418256,
          "std": 0.007391759723970275
        },
        "MAE": {
          "mean": 0.042454204109541926,
          "std": 0.0035922714655924615
        },
        "time": {
          "mean": 60.90650169054667,
          "std": 10.01156051315778
        }
      },
      "g80": {
        "RMSE": {
          "mean": 0.28069325263310996,
          "std": 0.09301055366928075
        },
        "MAE": {
          "mean": 0.1369639896705104,
          "std": 0.019023640878574763
        },
        "time": {
          "mean": 1.499180555343628,
          "std": 0.15508173154266308
        }
      },
      "g100": {
        "RMSE": {
          "mean": 0.361139547752295,
          "std": 0.07224357579632736
        },
        "MAE": {
          "mean": 0.13646305251517818,
          "std": 0.009787961342826038
        },
        "time": {
          "mean": 2.6779369513193765,
          "std": 0.14403524053178907
        }
      },
      "g160": {
        "RMSE": {
          "mean": 0.4012869955840392,